<?xml version="1.0" encoding="UTF-8"?>

<mule xmlns:https="http://www.mulesoft.org/schema/mule/https" xmlns:cplog="http://www.ebuilder.com/schema/mule/cplog" 

xmlns:vm="http://www.mulesoft.org/schema/mule/vm"
xmlns:json="http://www.mulesoft.org/schema/mule/json"
 xmlns:mulexml="http://www.mulesoft.org/schema/mule/xml" 
 xmlns:cxf="http://www.mulesoft.org/schema/mule/cxf"
   xmlns:context="http://www.springframework.org/schema/context"
	xmlns:http="http://www.mulesoft.org/schema/mule/http" xmlns="http://www.mulesoft.org/schema/mule/core" xmlns:doc="http://www.mulesoft.org/schema/mule/documentation"
	xmlns:spring="http://www.springframework.org/schema/beans" xmlns:amqp="http://www.mulesoft.org/schema/mule/amqp" 
	xmlns:xsi="http://www.w3.org/2001/XMLSchema-instance"
	xsi:schemaLocation="http://www.mulesoft.org/schema/mule/json http://www.mulesoft.org/schema/mule/json/current/mule-json.xsd
http://www.mulesoft.org/schema/mule/vm http://www.mulesoft.org/schema/mule/vm/current/mule-vm.xsd
http://www.mulesoft.org/schema/mule/http http://www.mulesoft.org/schema/mule/http/current/mule-http.xsd
http://www.mulesoft.org/schema/mule/xml http://www.mulesoft.org/schema/mule/xml/current/mule-xml.xsd
http://www.mulesoft.org/schema/mule/cxf http://www.mulesoft.org/schema/mule/cxf/current/mule-cxf.xsd
http://www.springframework.org/schema/context http://www.springframework.org/schema/context/spring-context.xsd
http://www.ebuilder.com/schema/mule/cplog http://www.ebuilder.com/schema/mule/cplog/current/mule-cplog.xsd
http://www.mulesoft.org/schema/mule/amqp http://www.mulesoft.org/schema/mule/amqp/current/mule-amqp.xsd
http://www.springframework.org/schema/beans http://www.springframework.org/schema/beans/spring-beans-current.xsd
http://www.mulesoft.org/schema/mule/core http://www.mulesoft.org/schema/mule/core/current/mule.xsd
http://www.mulesoft.org/schema/mule/https http://www.mulesoft.org/schema/mule/https/current/mule-https.xsd">
	<context:property-placeholder location="file:///${MULE_PROJECT}/carrierservicepoint/config/carrierservicepoint.properties" />
	 <spring:beans>
        <spring:bean id="OutInteceptor" name="OutInteceptor" class="org.apache.cxf.interceptor.LoggingOutInterceptor" scope="prototype"/> 
      <!--   <spring:bean id="InInteceptor" name="InInteceptor" class="com.ebuilder.map.CxfSoapOutInterceptor" scope="prototype"/> -->
        
    </spring:beans>
    <mulexml:jaxb-context name="JAXB_Context" packageNames="com.ebuilder.carrier.dhl" doc:name="JAXB Context"/>
    <http:connector name="HTTP_No_Mule_Session_Connector" cookieSpec="netscape" validateConnections="true" sendBufferSize="0" receiveBufferSize="0" receiveBacklog="0" clientSoTimeout="10000" serverSoTimeout="10000" socketSoLinger="0"  doc:name="HTTP\HTTPS" >
      <service-overrides sessionHandler="org.mule.session.NullSessionHandler" />
    </http:connector>    
    <vm:connector name="VM_FileArchive_Connector" validateConnections="true" doc:name="VM">
    	<service-overrides sessionHandler="org.mule.session.NullSessionHandler"/>
        <vm:queue-profile>
            <default-persistent-queue-store/>
        </vm:queue-profile>
    </vm:connector>
    <vm:endpoint exchange-pattern="one-way" path="FileArchive" name="VM_FileArchive_Endpoint" doc:name="VM" connector-ref="VM_FileArchive_Connector"/>
    <spring:beans>
        <spring:bean id="ObjectStore_FileArchive" name="ObjectStore_FileArchive" class="org.mule.util.store.QueuePersistenceObjectStore" />
    </spring:beans>
    <amqp:connector name="AMQP_FileArchive_Connector" doc:name="AMQP Connector File Archive" validateConnections="true" host="${filearchive.amqp.host}" port="${filearchive.amqp.port}" fallbackAddresses="${filearchive.amqp.alternatehosts}" virtualHost="${filearchive.amqp.vhost}" username="${filearchive.amqp.user}" password="${filearchive.amqp.password}">
        <reconnect-forever/>
	    <service-overrides sessionHandler="org.mule.session.NullSessionHandler"/>
    </amqp:connector>
    <amqp:connector name="AMQP_connector" validateConnections="true" doc:name="AMQP Connector" fallbackAddresses="${dropoff.amqp.alternatehosts}" host="${dropoff.amqp.host}" password="${dropoff.amqp.password}" port="${dropoff.amqp.port}" username="${dropoff.amqp.user}" virtualHost="${dropoff.amqp.vhost}" >
     <reconnect-forever/>
	    <service-overrides sessionHandler="org.mule.session.NullSessionHandler"/>
    </amqp:connector>
    <vm:connector name="VM_LogEvent_Connector" validateConnections="true" doc:name="VM"/>
    <vm:connector name="VM_KeyAtt_Connector" validateConnections="true" doc:name="VM"/>    
    <vm:endpoint exchange-pattern="one-way" path="KeyAttVMQ" connector-ref="VM_KeyAtt_Connector" name="VM_KeyAtt_EndPoint" doc:name="VM" />
    <vm:endpoint exchange-pattern="one-way" path="LogEventVMQ" connector-ref="VM_LogEvent_Connector" name="VM_LogEvent_EndPoint" doc:name="VM"/>
    <https:connector name="HTTP_HTTPS" cookieSpec="netscape" validateConnections="true" sendBufferSize="0" receiveBufferSize="0" receiveBacklog="0" clientSoTimeout="10000" serverSoTimeout="10000" socketSoLinger="0" doc:name="HTTP-HTTPS">
    	<service-overrides sessionHandler="org.mule.session.NullSessionHandler"/>
    </https:connector>
    <flow name="carrier-servicepoint-lookupFlow1" >
        <http:inbound-endpoint exchange-pattern="request-response" host="${dropoff.http.host}" port="${dropoff.http.port}" path="${dropoff.http.uri}" doc:name="HTTP_Receive_ServicePointRequest" encoding="UTF-8"/>
        <cplog:logevent fileTypeCode="${dropoff.agreement.request.ftc}" messageRef="#[message.id]" eventType="RECEIVE" eventDescription="${cp.logevent.event.request.receive.description}" eventTime="#[System.currentTimeMillis();]" doc:name="eB LogEvent Request Receive" endpointName="VM_LogEvent_EndPoint"/>
        <object-to-byte-array-transformer doc:name="Object to Byte Array"/>
        <vm:outbound-endpoint exchange-pattern="one-way"  ref="VM_FileArchive_Endpoint" doc:name="File Archive VM">
            <set-property propertyName="x-originalFileName" value="#[message.inboundProperties['originalFilename']]"/>
            <set-property propertyName="x-contentType" value="${filearchive.message.contenttype}"/>
            <set-property propertyName="x-encoding" value="#[message.outboundProperties['MULE_ENCODING']]"/>
            <set-property propertyName="x-messageRef" value="#[message.id]"/>
            <set-property propertyName="x-messageType" value="${filearchive.messagetype.request}"/>
            <set-property propertyName="x-eventTime" value="#[System.currentTimeMillis()]"/>
        </vm:outbound-endpoint>
        <json:json-to-object-transformer doc:name="JSON to Object" returnClass="com.ebuilder.asa.DOASAReq"/>
         <pooled-component class="com.ebuilder.map.MapASAReqToDHLReq">  
            	<pooling-profile exhaustedAction="WHEN_EXHAUSTED_WAIT" initialisationPolicy="INITIALISE_ALL" maxIdle="8" maxActive="16" maxWait="16"/> 
         </pooled-component>
        <response>
            <cplog:logevent endpointName="VM_LogEvent_EndPoint" fileTypeCode="${dropoff.agreement.response.ftc}" messageRef="#[message.id]" eventType="RECEIVE" eventDescription="${cp.logevent.event.response.receive.description}" eventTime="#[System.currentTimeMillis();]" relatedMsgRef="#[sessionVars.requestMsgRef]" relationType="RESPONSE" doc:name="eB LogEvent Response Receive"/>
            <mulexml:jaxb-xml-to-object-transformer jaxbContext-ref="JAXB_Context" doc:name="XML to JAXB Object"/>
            <pooled-component class="com.ebuilder.map.MapDHLResToASARes">  
                <pooling-profile exhaustedAction="WHEN_EXHAUSTED_WAIT" initialisationPolicy="INITIALISE_ALL" maxIdle="8" maxActive="16" maxWait="16"/> 
            </pooled-component>
            <json:object-to-json-transformer mimeType="application/json" doc:name="Object to JSON"/>
            <logger message="Json Payload - After Mapping #[payload]" level="INFO" doc:name="Logger"/>
            <cplog:keyattributeevent endpointName="VM_KeyAtt_EndPoint" messageRef="#[message.id]" doc:name="eB KeyAttributeEvent Request">
                <cplog:key-attribute attributeName="messageid" expression="#[json:msgid]"/>
                <cplog:key-attribute attributeName="siteid" expression="#[json:sloc/site]"/>
                <cplog:key-attribute attributeName="countrycode" expression="#[json:sloc/addr/cc]"/>
            </cplog:keyattributeevent>
            <cplog:logevent endpointName="VM_LogEvent_EndPoint" messageRef="#[message.id]" eventType="PROCESS" eventDescription="${cp.logevent.event.response.process.description}" eventTime="#[System.currentTimeMillis();]" doc:name="eB LogEvent Response Transform"/>
            <vm:outbound-endpoint exchange-pattern="one-way" ref="VM_FileArchive_Endpoint" doc:name="File Archive VM">
                <set-property propertyName="x-originalFileName" value="#[message.inboundProperties['originalFilename']]"/>
                <set-property propertyName="x-contentType" value="${filearchive.message.contenttype}"/>
                <set-property propertyName="x-encoding" value="#[message.outboundProperties['MULE_ENCODING']]"/>
                <set-property propertyName="x-messageRef" value="#[message.id]"/>
                <set-property propertyName="x-messageType" value="${filearchive.messagetype.response}"/>
                <set-property propertyName="x-eventTime" value="#[System.currentTimeMillis()]"/>
            </vm:outbound-endpoint>
            <cplog:logevent endpointName="VM_LogEvent_EndPoint" messageRef="#[message.id]" eventType="SEND" eventDescription="${cp.logevent.event.response.send.description}" eventTime="#[System.currentTimeMillis();]" doc:name="eB LogEvent Response Sent"/>
        </response>
        <cplog:logevent messageRef="#[message.id]" eventType="PROCESS" eventDescription="${cp.logevent.event.request.process.description}" eventTime="#[System.currentTimeMillis();]" doc:name="eB LogEvent Request Transform" endpointName="VM_LogEvent_EndPoint"/>
        <!-- <response>
            <logger message="+++2 #[payload]" level="INFO" doc:name="Logger"/>
        </response> -->
        <cplog:keyattributeevent messageRef="#[message.id]" doc:name="eB KeyAttributeEvent Request" endpointName="VM_KeyAtt_EndPoint">
            <cplog:key-attribute attributeName="messageid" expression="#[sessionVars['msgid']]"/>
            <cplog:key-attribute attributeName="lookupsource" expression="#[sessionVars['lookupSRC']]"/>
            <cplog:key-attribute attributeName="countrycode" expression="#[sessionVars['cc']]"/>
        </cplog:keyattributeevent>
<!--         <logger message="LoggerReq:#[payload]" level="INFO" doc:name="LoggerReq"/> -->
        <cxf:jaxws-client operation="GetNearestServicePoints"   doc:name="CXF" serviceClass="com.ebuilder.carrier.dhl.IServicePoint"   >
            <!-- <cxf:inInterceptors>
            <spring:ref bean="InInteceptor"></spring:ref>
            </cxf:inInterceptors> -->
            <cxf:outInterceptors>
                <spring:ref bean="OutInteceptor"/>
            </cxf:outInterceptors>
        </cxf:jaxws-client>
        <cplog:logevent messageRef="#[message.id]" eventType="SEND" eventDescription="${cp.logevent.event.request.send.description}" eventTime="#[System.currentTimeMillis();]" doc:name="eB LogEvent  Request Send" endpointName="VM_LogEvent_EndPoint"/>
        <response>
            <logger message="Response from DHL #[payload]" level="INFO" doc:name="Logger"/>
        </response>
        <response>
            <byte-array-to-object-transformer doc:name="Byte Array to Object"/>
            <vm:outbound-endpoint exchange-pattern="one-way" ref="VM_FileArchive_Endpoint" doc:name="File Archive VM">
                <set-property propertyName="x-originalFileName" value="#[message.inboundProperties['originalFilename']]"/>
                <set-property propertyName="x-contentType" value="${filearchive.message.contenttype}"/>
                <set-property propertyName="x-encoding" value="#[message.outboundProperties['MULE_ENCODING']]"/>
                <set-property propertyName="x-messageRef" value="#[message.id]"/>
                <set-property propertyName="x-messageType" value="${filearchive.messagetype.response}"/>
                <set-property propertyName="x-eventTime" value="#[System.currentTimeMillis()]"/>
            </vm:outbound-endpoint>
        </response>
       
      
<!-- 			<logger message="DHLRequestTime: #[server.dateTime]" level="INFO" doc:name="Logger_Timestamp"/> -->
        <https:outbound-endpoint exchange-pattern="request-response" method="POST" doc:name="HTTP_Send_ServicePointRequest"  responseTimeout="${dropoff.carrier.http.timeout}" contentType="text/xml" address="https://#[message.outboundProperties['exurl']]"  encoding="UTF-8" connector-ref="HTTP_HTTPS">
			 <set-property propertyName="User-Agent" value="MuleESB" />
			<message-properties-transformer scope="outbound"> 
				<add-message-property key="SOAPAction" value="GetNearestServicePoints"/> 
			</message-properties-transformer>
        </https:outbound-endpoint>

	<choice-exception-strategy doc:name="Choice Exception Strategy">
        <catch-exception-strategy when="exception.causedBy(java.net.SocketTimeoutException)" doc:description="Response Timeout" doc:name="Catch Exception Strategy">
        	<logger level="INFO" message="HTTP Response Timed Out! " doc:name="Logger" />
			<expression-component doc:name="Expression"><![CDATA[	expRes=new com.ebuilder.asa.ExceptionRes();
		     expRes.setSloc(sessionVars['sloc']);
		    expRes.setMsgid(sessionVars['msgid']);
            tr=new com.ebuilder.asa.Tr();
			tr.setRc("ERR_ECON_202");
			tr.setRt("ERROR");
			tr.setRd("Internal service timeout");
			trList= new java.util.ArrayList();
			trList.add(tr);
			expRes.setTr(trList);
			payload=expRes;
			]]></expression-component>
            <json:object-to-json-transformer doc:name="Object to JSON"/>
            <cplog:logevent messageRef="#[message.id]" eventType="ERROR" eventDescription="Exception due to HTTP Response Timed Out" doc:name="eB LogEvent" eventSeverity="ERROR" eventStatus="FAILED" eventTime="#[System.currentTimeMillis();]"/>
		</catch-exception-strategy>
		<catch-exception-strategy when="exception.causedBy(org.mule.api.transformer.TransformerException)" doc:description="Malformed Json in Request" doc:name="Catch Exception Strategy">
			<logger level="INFO" message="Malformed Json in Request MSg ID" doc:name="Logger" />
                <expression-component doc:name="Expression"><![CDATA[ expRes=new com.ebuilder.asa.ExceptionRes();
            expRes.setMsgid(sessionVars['msgid']);
            expRes.setSloc(sessionVars['sloc']);	
            tr=new com.ebuilder.asa.Tr();
			tr.setRc("ERR_ECON_203");
			tr.setRt("ERROR");
			tr.setRd("Malformed JSON in the request");
			trList= new java.util.ArrayList();
			trList.add(tr);
			expRes.setTr(trList);
			payload=expRes;
           ]]></expression-component>
                <json:object-to-json-transformer sourceClass="com.ebuilder.asa.ExceptionRes" doc:name="Object to JSON"/>
                <cplog:logevent messageRef="#[message.id]" eventType="ERROR" eventDescription="Exception due to Malformed Json in the Request" doc:name="eB LogEvent" eventSeverity="ERROR" eventStatus="FAILED" eventTime="#[System.currentTimeMillis();]"/>
		</catch-exception-strategy>
		<catch-exception-strategy when="exception.causedBy(java.lang.Exception)" doc:description="Other Exceptions" doc:name="Catch Exception Strategy">
        	<logger level="INFO" message="Other Exceptions! " doc:name="Logger" />
			 <pooled-component class="com.ebuilder.map.MapDHLResToASARes">  
            	<pooling-profile exhaustedAction="WHEN_EXHAUSTED_WAIT" initialisationPolicy="INITIALISE_ALL" maxIdle="8" maxActive="16" maxWait="16"/> 
             </pooled-component>
            <json:object-to-json-transformer doc:name="Object to JSON"/>
            <cplog:logevent messageRef="#[message.id]" eventType="ERROR" eventDescription="exception.getMessage()" doc:name="eB LogEvent" eventSeverity="ERROR" eventStatus="FAILED" eventTime="#[System.currentTimeMillis();]"/>
		</catch-exception-strategy>
	</choice-exception-strategy>
    </flow>
    <flow name="carrier-servicepoint-eventSendFlow" >
        <vm:inbound-endpoint exchange-pattern="one-way" doc:name="VM LogEvent" ref="VM_LogEvent_EndPoint"/>
        <amqp:outbound-endpoint exchangeName="${eventlog.amqp.exchange}" routingKey="${eventlog.amqp.routingkey}" responseTimeout="${eventlog.amqp.timeout}"  connector-ref="AMQP_connector" doc:name="AMQP_LogEvent"/>
    </flow>
    <flow name="carrier-servicepoint-keyAttSendFlow" >
        <vm:inbound-endpoint exchange-pattern="one-way"   doc:name="VM KeyAtt" ref="VM_KeyAtt_EndPoint"/>
        <amqp:outbound-endpoint exchangeName="${kayatt.amqp.exchange}" routingKey="${kayatt.amqp.routingkey}" responseTimeout="${kayatt.amqp.timeout}"  connector-ref="AMQP_connector" doc:name="AMQP_KeyAtt"/>
    </flow>

 <flow name="file-archive-clientFlow2" >
        <vm:inbound-endpoint exchange-pattern="one-way" ref="VM_FileArchive_Endpoint" doc:name="File Archive VM" />
         <cplog:filearchiveevent messageRef="#[message.id]" project="${filearchive.project}" contentType="${filearchive.message.contenttype}" encoding="#[message.outboundProperties['MULE_ENCODING']]" originalFileName="#[message.inboundProperties['originalFilename']]" eventTime="#[System.currentTimeMillis()]" doc:name="eB FileArchiveEvent" messageType="#[message.inboundProperties['x-messageType']]" />
        <until-successful objectStore-ref="ObjectStore_FileArchive" maxRetries="${filearchive.amqp.maxretries}" secondsBetweenRetries="${filearchive.amqp.retrydelay}" doc:name="Until Successful">
            <amqp:outbound-endpoint exchangeName="${filearchive.amqp.exchange}" routingKey="${filearchive.amqp.routingkey}" responseTimeout="${filearchive.amqp.timeout}" connector-ref="AMQP_FileArchive_Connector" doc:name="AMQP_File_Archive"/>
        </until-successful>
    </flow>
</mule>
